x1,x2,x3,y
-0.7169061975143101,0.6031198429155127,0.8919714150363292,2.1013954594897024
0.12356875849597926,0.6958070831010554,-0.5397267157679402,0.03717929266115938
0.01646558565681966,-0.7642769181521551,0.01915318956824108,1.6424458677076499
-0.2614685909110981,1.0,0.8714469786822445,12.094130210542296
1.0,1.0,-1.0,39.49459061984986
-0.2837620017248157,-0.6687034625398351,0.8504232709862081,-0.0843337069736158
0.4660486324539972,-0.05248757502173018,0.030955253342206168,1.3112256248832195
0.17928120807002768,-0.26913519207613845,0.5388898825037352,-0.2708881500186502
-0.937611415158558,1.0,-1.0,13.806541888175818
0.32748531997201313,-0.08015806148025151,0.14083324054754542,1.715033619386083
-0.2824675488051196,-0.0063130814907828015,-0.23473822645200038,0.504696667695171
-1.0,0.34999305928344104,1.0,3.598267774808831
-1.0,-1.0,-0.6485713142418417,4.81043332547135
-0.5364107387235495,-0.07909767553804548,-0.4836296173126693,-0.6509117503892516
0.4209063448931809,0.3944787231021878,-1.0,-2.3288891711036643
-0.6894993277850017,0.3591109466496818,-1.0,1.403358767568379
0.8207854863211141,-1.0,0.4720495729463472,-3.7193664611360235
1.0,-0.603342976933736,-0.4695650653878709,3.776438863676114
-0.8188384383098253,0.30010552233001064,0.6487333396333463,-3.059420808889932
-0.7385134237403794,0.21909192027837343,0.6774547512070028,-1.650159647894534
0.9292023375595089,0.30428015876280545,-0.22332535321507296,4.055289406899772
0.36029745099880284,-0.4290819782251851,0.32226971023648043,1.9113479397449868
-0.003064233893858237,-0.48208787236851625,-0.27511084198446967,1.318726797198087
-1.0,1.0,0.4354873809141957,2.078963305907748
-1.0,1.0,-0.12944444871212002,8.957764504710072
-0.5619138392337288,-0.5082181056330541,-0.539863755937168,1.0454107985035475
0.42437586182626696,0.14576502784701706,-1.0,-2.5620850678928027
0.5796801715025597,-0.06381644678843812,0.3660901277360571,0.36457704397599855
0.5625154074142693,0.2594971964133983,0.7056058795141744,1.2420753898080603
1.0,-0.667314169493264,-0.966339604271715,-0.15501633634470458
-0.29540361042135865,0.022518147909490915,-0.9411167451598932,-1.2437044021259585
0.2604650245265734,-1.0,-1.0,-19.429440344299202
-1.0,-0.993769126269693,0.9454856833944845,20.64223983368052
0.5709591152541325,-1.0,-0.796392546510168,-11.642260076330876
0.6647666605150611,-0.007442952810214676,-0.027997420381011606,1.468414953132024
-0.06987808594263356,1.0,-0.0500235082636471,8.535152756622393
0.9317532288767756,-0.8004099507771412,1.0,-2.054615409982357
0.46426711522706876,-1.0,-1.0,-22.56757569081422
1.0,-1.0,-0.5832083800414192,-12.438119081709791
-0.909275876322776,-0.1759014644862269,-1.0,6.800002872124565
-0.9367353600298518,-0.8361761654820004,0.8412703476457766,10.775715238228049
0.21918941048851925,-1.0,-0.35006104155390005,-0.18012615348843242
0.6366918154011549,-0.7870372878042873,0.7676111832760428,-1.279570299583348
0.4304924259589662,1.0,-0.13950824311489374,8.771684075088631
-1.0,0.16395368385674902,1.0,3.6261614191499727
-0.1493556308232833,-1.0,0.3433621083805416,1.7909071774446195
-0.9169975187706567,0.028868660787961353,0.9282779752783068,0.806616761179658
-0.29773962683898025,1.0,0.5596423489081928,7.779499621478476
-0.1414788342549953,-1.0,1.0,-6.231651169988724
-0.7467645449187161,0.08529268237240406,-0.39510259539090065,-1.5189073319829562
-0.3184193727217832,0.42012355772286725,0.6023601883215643,-0.14873376294025692
0.6196611208900649,1.0,-0.6018278608817955,12.730428171543869
-0.10279772193887071,-0.23897451924528745,-0.26801329534224294,1.0578439914940498
0.34839771415670695,-0.7362720102104052,0.424222915335996,0.27366915020202753
0.6921536610046357,-0.7818208944718672,0.608023501755538,-0.27079584892112774
-1.0,-0.9570743356732729,0.4384387533427683,10.457805628985508
0.6400856840368159,0.43900269651065993,0.3261464830682006,1.1840862430190664
0.30056167965957936,-0.6300967093023322,1.0,-3.717334631094837
1.0,-0.337544226732277,0.13518665996194001,4.863242867610271
0.5896859338041922,0.39310371349046,-0.5561163717689113,1.64257320948925
-1.0,-0.026801851092660423,-0.1281892941386802,-3.914801911276956
0.9808748626285921,0.18443653231824775,-0.5463694668314729,5.161544494388348
-0.5597904938740321,-0.8838161773562605,-0.8105892593272175,-2.0853859575097813
0.47047238915362355,0.1601647126487129,0.8002947696383667,-0.3052776046428546
-0.257289145726604,0.1022739195602147,1.0,1.6912402699913125
-0.9438119096390534,1.0,0.1999132207768346,4.469379777040401
0.08181480959161291,-0.8307042406795395,-0.4379406073421881,1.3649304210342112
0.7813851115557808,-0.7594604262726861,-1.0,-10.882877801476697
0.8318773063397453,0.7854776635798435,-1.0,5.153082645857865
-0.41761824489865407,0.6159257270319121,0.8857345000024466,3.148293669084495
0.3435341807380583,-0.4195687970839157,1.0,-2.4579646036313445
0.46968889516940004,-0.3660923632053157,-0.15728373734162915,1.413787982657039
-0.4583051499588391,1.0,-0.5555918987632955,6.0887098231521115
-1.0,-0.5227849957315178,0.10996665617543222,-0.22772055776674383
1.0,0.11695566030273441,-0.4782737455791293,5.4429337484579685
-0.5529658147442345,0.45406952288727753,0.5582708314796383,-2.246245169712525
-0.2421349765505021,1.0,-0.6838187601820687,7.207352690736235
0.038164469970228154,0.6627373672615766,-1.0,-4.216184904783422
0.1931594779413357,-0.6841743439522594,1.0,-3.4426892854843696
1.0,-0.44327453042393805,-0.47462815586642493,4.3179991959494375
-0.5294923960562812,-1.0,0.24913441670103964,4.081665272960558
-0.23425852683213333,-0.04898690153081642,0.9586279179003452,0.3926516619410215
1.0,-0.16702688639510033,0.5093743168261826,5.752497198938756
-0.1174455947224664,0.09424516818672513,-0.49522028876411794,-0.05258790658243012
-0.2007433344790852,0.15876599532934232,-0.2795666903225156,-0.4503836290133451
0.22764846575694486,1.0,0.90423617740614,9.884561498170624
0.3460476920000244,-1.0,-0.43882042538380417,-0.8347368143706716
1.0,-1.0,0.0990915525060001,-8.848748447232124
0.6013692237776946,-0.2918130949341162,-1.0,-4.402967829460567
0.7419017847675031,0.013160569083194407,-1.0,-0.9849424686502698
0.5223054338391064,-0.5239728827091079,0.6751873998489659,0.9041718998935133
-0.09518242245291719,-1.0,0.45559896583294424,1.8061142547999824
0.06895272769195837,-1.0,0.47167205628644404,1.3089085635364661
0.29725906536990854,0.3239652349561086,-0.8270435348182263,0.30890697100083575
0.4430221014667828,0.7322531604964353,-1.0,-2.9090280322147772
-0.07314098251376877,-1.0,0.5101194043480026,0.8907865262246939
0.0246009359705901,0.17857508218086537,-0.5410556545392817,0.3765415643390581
-1.0,-0.25431487527048136,-0.24895331470029647,-2.445025706063081
-0.7395775247087808,0.26132095968719793,-1.0,3.440813074547793
-0.0809816471933027,0.20822518205984886,0.8044445034234455,0.05188894314509508
0.026238350154982104,-0.4724512722175811,1.0,-1.097093378991815
-1.0,0.1844939098896119,0.18443961810853482,-3.597724441684509
0.1917051199433164,0.09057709475136577,1.0,0.4735921163382704
0.5071854230890906,-0.8135852966381187,-0.7264163511298638,-0.8549083748597397
1.0,-1.0,1.0,-8.9165978387132
0.07379895904463152,0.07105685164546305,1.0,-0.4857711364563807
1.0,1.0,0.6813940866314876,16.587749412203067
-1.0,-0.9327744453906359,0.25094240169999926,6.886548348321019
-0.8120092141685402,-1.0,-1.0,-2.312694407085977
0.6131690655232327,1.0,0.4219613418223469,7.238269491163326
-0.30594324813722173,-0.22111186767597069,-0.849998683565059,0.16902147401504097
0.5055116210976718,-0.48840155593127377,0.36156208515966437,1.2987035200146635
-0.8352084095253423,1.0,-0.9844015476362313,4.808601085756875
1.0,0.6036560608914616,-0.3444082258756185,5.815124136847532
0.20592419307866883,-0.019386200601749115,1.0,-0.1647501806726725
0.07273221239559846,-0.9974278119279592,-1.0,-17.987648194411296
-0.42721751619604764,-0.897268707476701,-0.08653348186250231,3.0480233473354508
-0.06168984185149795,-0.5470724581973383,0.4141009878759425,0.8495710383578592
1.0,0.8336272301079632,-1.0,22.05990737936631
-0.7095999943688132,0.09981706011061608,-0.290620225347209,-1.562511716759039
0.5120755302211664,-1.0,0.506812372687633,-0.5577297784858191
-0.457841979609104,0.7243831451848972,1.0,7.836594327079678
-0.561143422427246,0.6994232696710594,0.851462053041691,2.4822037615815007
-0.03137340830276325,-0.8760975584284614,-0.3062497280017693,2.043340036584149
-1.0,1.0,-1.0,21.564837224311187
0.41871257631111614,-0.17248486574396105,-0.30955910876634163,1.2824026272046227
-0.8033877219265733,-0.6111459088282278,0.6291342900205985,2.966043284748741
-0.6134336993019394,0.9792513074929883,1.0,15.449432194549356
-1.0,0.07776404814420346,1.0,3.12536755248367
0.49639340649914154,1.0,-0.4545382694219211,10.330529940332454
0.5243004975930485,0.21943342837101354,0.13323572976638887,2.0732025585195872
-0.18871642015116175,0.6653014658117793,0.9623976167278612,4.767448601095489
0.11076959061218217,0.3293186865049791,-0.4910324926761034,0.6211179348582143
-0.4518652884115639,0.7983343159146827,0.46105075274338625,0.3080027198572166
0.26678531358638513,1.0,-0.6766477024290163,11.715120030842428
0.784764939118691,0.062056163629306216,0.6371060226717817,3.6532420688169047
-0.059730902023606314,-0.8099035913551256,-0.20608251373943487,2.458602796976816
-0.34605116946772174,-0.32202888632037907,-0.06787230537864941,0.6635451246671847
0.29349274109208734,0.5472825238793577,0.2052551611539497,0.19385123034977447
-0.5429666780405518,-0.2674979488314113,-0.4734738351199572,0.16042214190354925
0.2404393615188707,0.4094663025932286,0.9183897640897682,1.7844406668786186
-0.3738874724719081,-0.6300768896541584,-0.19561478308075797,0.7332023104647218
-1.0,-0.07098708376086704,-0.2908606153922155,-3.72354685683297
-1.0,-1.0,1.0,21.990867983766044
-0.3010477057093517,0.4766628929677412,1.0,3.3795099857834368
0.47534932885431647,0.40412542160532605,-0.16070334875991454,1.3327960673627148
-0.6149934016804954,-1.0,1.0,-0.11390398221382636
-1.0,-1.0,0.06493652783687676,7.563115046271013
0.9617953500809877,-0.2845908872365861,-0.21498041693265924,3.1754596234756876
0.2250435540239195,-0.1454068354465674,1.0,-1.445075593786103
0.673690024625291,-1.0,0.5359685781647219,-1.0802909618479188
0.13976433796998355,1.0,-1.0,5.249474541550854
0.690241924767224,0.45503227571068905,0.05864149300968213,1.4474249010372247
-0.9919492251531059,-0.5749778266507626,-1.0,5.372227356668772
-0.4490161407326747,-0.08144833009008545,-1.0,-0.9022676596511869
-0.003318540215627719,0.16373551854766988,-1.0,-3.4216954539917874
-0.170202580261676,-1.0,-1.0,-16.007002980021333
0.6552867805698117,1.0,0.4493879490914259,7.054668537673966
-0.9483691742295484,-1.0,0.5411663943987388,11.810674540906044
-0.6007122546197203,-0.4800192877697662,0.7137617092834443,0.42630131299822327
-1.0,-0.9177627706736131,-0.43756600849091676,4.348167368505557
1.0,-0.8929858712073342,-0.257189260887416,-2.461662727486979
-0.9139590998133773,1.0,-0.3942591052177902,6.920481241524542
0.11942425637972343,-1.0,-0.39585003080110104,1.141428720062201
1.0,-1.0,-0.9947224162503225,-28.921374263166236
1.0,0.683898138393084,-0.30324710613020933,7.059567435212787
-1.0,0.04769678888854956,-0.596796297510042,-1.1463316963652557
1.0,0.5705370562470267,-0.6364408823111674,6.816778510183922
-1.0,-0.334681251979311,0.25830749175127266,-3.780529806943459
-0.0024872721391047126,0.9072840885607858,-1.0,-0.5719599793240417
0.8221974707943798,0.6107881772107024,0.5170260700577274,4.928341840320895
1.0,-1.0,-1.0,-29.854679946723024
-0.5303033042639915,0.7827829485275029,0.3132341452808083,-0.7752803888773553
0.2360835808614148,-0.07952176134849043,1.0,-1.1779027318176531
-0.6408653225806917,1.0,1.0,16.739809657766628
-0.018309479007956098,1.0,-0.25925546993316617,9.126416642932526
-1.0,-0.15448803374733466,0.0617182928829767,-3.9502051639997195
-1.0,-1.0,0.14137226644380285,8.76956472128479
0.33872193874761947,1.0,0.1278415668234627,7.772611265546887
0.6948617110571587,1.0,0.08235117983865115,8.307667712570451
0.7161884572607766,0.0637621263100685,0.4621707021482959,2.058376344861923
0.6006281224611152,0.5603145120240465,0.37143921909691646,1.890023794970619
-0.08628691395444843,0.5525104856528475,-0.7171726716846449,0.05205208218700336
1.0,1.0,-1.0,38.81803497548873
1.0,-0.11583109977171246,-0.28429530604249886,3.930106701887807
-1.0,-0.9994411998639927,-0.8965130561129759,2.4725702973053374
1.0,1.0,-0.2345418231068821,15.985258832624014
0.7174447530684647,-0.8152377244377895,0.1629475376695646,-0.6164469337255073
-0.30083106970909657,-0.7600183345240936,-1.0,-6.477953510228491
0.020499156479068192,-0.06688302968888049,-0.4905641221200634,1.0296433418737716
1.0,-1.0,-1.0,-30.3344207824231
-0.7531056372660807,-0.24469457921105886,0.6380641282624508,0.8457955227282357
1.0,-1.0,1.0,-9.32059794657791
-1.0,0.24031396263673743,-0.3413762728105614,-1.985652217903692
-1.0,1.0,1.0,16.280628603634007
-0.11357087712685932,0.7476414488670473,-1.0,-3.0232800600618224
-0.2737659432154045,0.7579103034931043,-1.0,-4.851289160123331
0.42347298124481103,-0.8980475031277568,0.48308724553432403,0.2490992804268678
-0.0016705493888982126,0.03891634640676922,1.0,0.9034751286397515
-0.7077038554417054,-0.4396820761697797,-0.39835655567005945,1.262719396618175
0.08095815630387504,-0.7891539623853769,0.9445937600325627,-2.623732077912863
1.0,0.03529891548099462,1.0,12.845120346197666
-0.7261463168848843,-1.0,1.0,3.3698576110880483
0.06914149391747637,0.7375302029729762,1.0,6.4573398978658965
0.19335957382573632,0.0021408643803975114,0.6133301654513117,0.6306299275054867
-0.9783229114672514,-0.4007498491248396,-0.9795051653784879,6.028397230512013
-1.0,0.6400014901563726,-0.36589928006398553,0.6491616588125582
0.3818798927051956,-1.0,-0.44937159304265206,-1.15474803010615
-0.2554227611169724,-0.7811769691131727,-0.14104262304359216,1.7911718676014803
0.31349003426015165,0.21401523186935778,-0.49859643637357043,1.7683094302611264
1.0,-0.31415359796286824,-0.2348004146027156,4.999630429292681
-0.2525110818981706,-0.16532003958663766,0.24119544733867637,0.29852029041227945
1.0,0.7836722788341124,0.25211470502493594,9.544538284043181
-0.9201566649866577,-1.0,0.7663271745081954,12.573553065097089
-0.5125393562014102,0.9251096487051984,0.713455609085166,4.800520157192602
-0.39375826424457494,1.0,0.4205902607041614,6.153486778566311
-0.13438234555526263,-0.3889078069782954,-1.0,-3.169239392929243
-1.0,-1.0,0.05859455838637251,8.14310363678109
0.4807670576168024,0.44910201472542033,-1.0,-2.678380070390679
-0.7145078099556039,1.0,-0.35716420612991717,5.133132516488683
0.6424350009050226,-0.7770500428567728,-0.22372903526096732,1.583451487058656
0.670648017441356,-0.5887063392637095,0.7985419485955665,0.1150504447836598
-0.08660765184316022,1.0,-0.17770172682231777,8.20387171324901
1.0,0.032662719858522316,1.0,12.56476164741742
-0.1647742439521307,-0.2664068680961331,-0.5010060546737511,0.892007123618596
0.7714242705254801,-0.39778299316720367,-0.45075367220904483,1.5243515906210736
-1.0,0.2812439323490441,0.37226053885469446,-5.307221223713896
-0.04312406606529984,-0.05479392972239783,0.007725176749357132,-0.5543300052414702
0.5704948027592862,0.7514477002572786,0.9373987105903243,6.3928638590910865
1.0,-0.051492537852958264,-0.450443230630341,4.935664287703578
-0.7387008702308775,0.2222950110834392,1.0,2.73368454197256
0.9918702223650171,-1.0,-0.011199050222694407,-8.269836201778386
-1.0,-0.31396983206748064,0.9494345623915104,3.923709983374028
-1.0,-0.6197967490551703,-0.06665385613267727,0.40519718014986694
0.173722218078199,-0.6372061825249198,-0.9146970931713603,-3.7452234647416116
-0.1853247664523625,0.2049080572337676,1.0,2.0326436467413758
-0.8734499145681853,-0.9503726730365221,0.165678939629059,6.898844734166932
0.062071060260184385,-1.0,-1.0,-17.404124733212196
0.1831889615604021,-0.31260263871819616,1.0,-1.8952063401996835
-0.7911031211922603,0.43819578107663615,0.11300798200467321,-2.266892273072327
0.7817002917020284,-0.226455991242406,0.8645805217385738,1.230019111484089
-0.7786066504321982,0.3219272059620961,-0.47369671160961624,-1.3601658978334419
0.32996346590903314,-0.8072882531765415,-0.49543785101265225,0.7107941749227898
0.4907726543334754,0.11738326048835601,-0.1759349182087544,2.313244051776609
0.3133094036584314,1.0,0.01624985463628148,8.560887896820226
-0.8800482614266083,-0.07390451110922314,-0.8531275258586475,3.1506175237097467
1.0,-0.18787796292269898,-0.22805932453178368,4.969825281416057
0.8547959037441066,0.8115876105911219,1.0,16.323931150211692
-0.1599439783461054,-0.03663304979987214,-1.0,-2.852576414334056
-1.0,1.0,-1.0,22.155096042823594
1.0,-1.0,0.13428975915757824,-7.910490686448805
-0.4589704883768544,-1.0,0.6411112267895047,1.9015423222690808
0.5223650668030557,-0.9301456908152508,0.4915078476723991,0.24578162147450208
0.8085984359295866,-0.4515986905679268,1.0,-0.6388649250880902
0.07704538395846572,1.0,1.0,12.12435842568904
0.5291478003136469,1.0,-1.0,7.278372800355244
-0.18703752108094762,-0.2954214826521664,-1.0,-3.536452722060952
-0.4276971864340531,-0.8210412026756078,1.0,-1.7828723025039448
-0.20166528474337553,0.7730828581782487,0.5922985017020197,2.7603542054100902
0.39728149093765097,0.4577852804617011,0.6779230483094791,1.289882098808589
0.37108503398785997,-0.9332490106597751,0.9928536856211005,-5.235198863067398
0.5082179189329246,-1.0,0.19980930938566455,-0.40087377954794795
-0.9810304337004505,0.019225792472018055,-0.18260146365072139,-4.560226658598396
-0.6586590522702436,0.9142038535810928,-0.8191428881267631,-0.6868394450485722
-0.4190374122974827,-0.8580276882606164,1.0,-1.9385965440651192
-0.48826152459934313,-0.31733325014269775,0.4719775221503286,0.35063797317237333
-1.0,-0.34333751668116497,0.5042359595183452,-1.1703993460306534
0.9395179519121346,0.733833349968704,-1.0,11.388270162575667
-1.0,-1.0,-0.5912538466493045,3.7493596426980393
0.02037357409158269,0.8161303819450139,0.1474451942937156,2.05327042195705
-0.8147986558812497,1.0,1.0,15.748434903519243
-0.4118539635565026,-0.21996897586811404,0.8851926814596998,-0.574507903104353
-0.3592615218077897,-0.1955362456125771,0.8666126282673221,0.5231865724682204
1.0,-0.5950307891868025,0.08052924245346005,2.7624193286635803
0.9101101378876189,-0.10904321697720065,0.33668979867662796,3.68990808701194
-0.7634197344370162,-0.1318411884247166,1.0,3.139969199121209
-0.6898719127631527,0.5992427623909606,-0.2249192297774394,-2.7907957697856265
0.7841718208933091,0.4620723414627741,0.30171199901684775,3.141296652519635
0.8530863600504768,1.0,-0.33046162796068157,12.503634255903599
-0.146158979347369,-0.6362380705715107,0.3401009725091353,1.5511423460934837
-0.9369985612201928,-0.9006086193007297,-0.028846830572576865,5.746358727922807
0.9478017074953737,0.4787328693425146,-0.5494931733486914,3.5504311432186393
0.808683846270448,-0.8108874404155444,-0.061847905132183634,0.48599932501251625
0.22119147106564263,0.26712964885280277,-0.15709096858743177,1.084305390232963
0.5375350113766861,1.0,-1.0,7.627551116463839
0.2987019776510038,-0.9456875480017823,-0.16300893392528004,1.5636847798824236
0.1843569094377211,-1.0,0.5133816019194621,0.6773244275411703
0.32552277997009393,-0.5000581939671935,-0.3598058340850696,1.3245050477239708
-0.8881625933174344,-1.0,-0.4276677335075958,5.056493016295442
-1.0,-0.9220738875704397,-0.22952068532767633,5.355989397362699
0.9351210293303016,0.876567375749111,0.21291203141850512,8.235386253853868
-0.772944737506565,-1.0,0.6860292492470994,7.480623991915781
-0.7276708113214685,-0.724837491337315,-1.0,-0.641985653046467
1.0,-0.4755548661965252,0.031086786293349045,4.615797849002051
0.3925158056347946,-0.3739324800094246,0.2778298673982209,0.4911159542363027
-0.8729340564204204,0.19943022656530607,-1.0,7.783577792721073
0.275457515931554,-1.0,-1.0,-20.122164292018986
-0.6029782408835318,-0.25897527210361915,-0.04331843079933306,0.0558566414427362
-1.0,1.0,0.44669147834914247,1.8786695292608016
0.6653232198416259,0.2329459019816138,0.045071226497033656,2.349541501730954
1.0,-0.25962512357093903,-0.9251101658638716,7.139735678973808
0.12689177225427395,-0.27129393746282915,-0.9954391019659432,-4.089218874410516
0.02349107293321251,-0.5775536684557134,-1.0,-6.5854076751073425
0.6706360238945015,-1.0,0.5223976575117302,-2.500670835754393
-0.25610910402859965,-1.0,1.0,-5.46733758361049
-1.0,-0.9973917238945968,-1.0,3.3023377532669342
1.0,-1.0,1.0,-9.214282614728452
-1.0,0.9288272656870626,-0.7297543024735202,10.742981354237756
-1.0,0.5215978219208273,-1.0,18.13709041501561
-0.02045677555917602,-0.40289635703736937,-0.37882503783972554,1.2405633054168992
0.45668207335715283,-0.15502938468319782,-0.46066051765043126,1.2135801927988183
-0.39412925502877605,-0.3210707232498542,-0.7826142044571751,-0.4423200807913078
-0.8880773033990945,-0.0169553936011273,-0.8338328730512845,2.9991682239552206
-1.0,1.0,-1.0,21.96798014503412
1.0,-0.17226138418895998,1.0,9.28726016089108
1.0,-0.2918990522746987,1.0,7.621765600165587
-1.0,1.0,0.9686445260453727,12.79410502958191
0.9192627944445928,1.0,-0.28573998817211677,14.979801185242453
-0.8796630190641086,-0.9572403237490716,-1.0,0.3222627963774115
0.23824554483151283,-0.561729811931724,-0.3794728582896363,1.3484382585847086
-0.3997078180684799,-0.2511880133492215,0.3603153386155351,0.312611843983269
0.4718914495659676,-1.0,-0.6465653652585306,-6.248379267142322
-0.46965012678491824,-0.2302109344223091,-1.0,-1.9727041983965123
0.568587381891569,0.49268873418346537,0.23402768869874135,1.0954612563281976
-1.0,-1.0,0.1536847975390916,8.440555699756919
-0.8313945445758344,-1.0,1.0,8.32169154796962
-0.5410856764325744,1.0,-1.0,0.7233884341713225
-0.01138344100119304,0.19903969504068098,-0.032829617473710826,0.04814411269223062
0.7031379221925784,0.4777392875026967,-0.08573574301129439,1.3261204545014653
-1.0,-0.3067445069797756,-0.5842493656559591,-2.134580801498165
0.45149491132653696,0.6956984294013986,0.6361993614344537,2.710711958330403
0.714806313145637,-0.2503667710511719,0.22077293971423817,1.3397172126666936
-0.6268462326994535,0.02957402669550646,1.0,2.3749434224812855
1.0,0.05363480089444228,0.5388876824328301,5.906885973335512
1.0,-1.0,0.2370204322978784,-7.07033005451997
0.26671319365695334,1.0,1.0,10.08816303782075
0.31413668993333266,-0.5819564203077228,0.9794572059663145,-3.198218275281242
0.7354920548422255,0.7884050100953808,0.7965618522211202,7.328744036521411
-0.9009359463368967,1.0,0.3711817720606476,1.2204717435447807
0.6573597830722802,0.24144466145919385,-0.15801648422358294,1.8816595557041096
0.21259326900397424,-0.9659670555787394,0.5363060078066151,0.579978593973321
0.29615793217680797,0.40710313748410965,-0.2550829650091637,0.8944312063081405
0.8882431885832751,0.9257442559185844,0.7040921238652247,11.304218183099556
-0.7217062010623838,-0.1475158906584093,-0.7376539187278139,1.622764359531951
-1.0,1.0,0.10124557701130099,7.281004063128462
0.9386815975646432,0.9050991303968796,-0.029757781416397844,7.490329727810801
0.8856802119299314,0.5998408102096595,0.6995758766211939,8.86058269125757
-0.5767132191058848,0.19360652088519892,0.09213210410743033,-1.5096627122319466
-0.12956169875028034,0.6519967620980318,-0.02096837073309854,-0.1828947897135506
0.7351393869869001,-0.8621503724963044,-1.0,-15.464237641743104
0.8593039888536371,-0.31342282829698376,-0.5851454234664679,2.9361208531121465
-0.01489516864239282,-0.963629750177105,0.04813573052182374,2.669869300706093
-0.056742041073355676,0.1296429927298055,0.47546826853498625,0.08649454963962198
0.4895994786194888,-0.839210727926174,-0.43975281129012433,1.119195970672569
-0.5040901414892158,1.0,0.7639786259836621,8.525622630477926
-1.0,-0.9338510613821669,0.4419805148078686,9.401144423400192
0.7933552577876752,-0.03266910180918958,0.8292658718275692,2.498973084108605
-0.3881226377283593,-1.0,0.8433750225337697,-1.8549919225039462
1.0,-1.0,-0.4490984806795175,-10.572167340271994
0.11037149171415028,1.0,-0.367142606597044,9.953365483749787
0.13459072276555473,1.0,-0.6259590396656336,10.135927232776877
-0.19363560533007385,0.19280927887455968,-0.7259616689250192,-0.3307519773787108
-0.5968520312525116,-0.3428903447418514,-1.0,-0.30789587833128756
1.0,-0.07992331473436054,1.0,10.828272762632086
-0.30176688692710285,0.44928856993607,-0.9687206235594679,-2.439350549694181
1.0,0.7361839494265976,0.1778152997539333,8.508808725967002
-0.22993495077150383,-1.0,1.0,-6.798093600738634
1.0,-0.3123642126065438,0.7272304586977156,6.339223384105208
-1.0,-0.37103926342604265,-1.0,6.660004767709459
0.393875255383771,-0.20446279508071807,-1.0,-3.611727880980803
0.9955648846295833,-0.37113381302014115,0.002795393120440526,4.804839188991767
-0.9965083956648257,-0.1382015866863806,1.0,4.046300535264795
0.013847912114635985,0.8489469359657253,-1.0,-2.683274931897043
-0.8584495382175885,0.0033156906807574327,-0.5335623674089933,-1.2721359843412734
1.0,0.3634920152960006,-0.360957521162375,5.07565011294279
1.0,-0.6833243706250542,-0.7531273029843926,4.241515578273795
-0.677300682004589,-0.7044335856840078,-1.0,-2.2798296359149033
-0.1286447525330252,0.6790848661466387,-0.9778104226957982,-3.314493675498353
1.0,0.5246932263548023,-1.0,12.074649655086723
-0.3866687661909409,-0.802441315237377,1.0,-0.3074234304723011
0.048845353488617516,0.2666495437403045,-0.7065395626884481,0.19360398842907883
0.069412071304084,0.1390610582604348,-1.0,-3.232273710923607
-0.6818644248848775,-0.4780629165357293,-0.13444259308891526,0.9087939578524973
0.0071983931718533345,0.009274113391992467,-0.45021397336124913,1.3763174907640807
0.3903934001212783,0.2643076495315151,-1.0,-3.724651428984968
-1.0,-1.0,-1.0,2.7556376361031982
-0.2074986377620418,-0.09495826801386964,0.27762736650339503,-0.691792313498038
0.31685828905197755,0.13185346427439115,1.0,0.37218698746178597
-0.39701981248112883,0.382697425133117,-0.9469939661655999,-1.6575562090993357
0.17413675561601694,1.0,1.0,11.55875568454017
-0.28242307664889665,0.6249506607390269,0.10635957626698844,-0.2499190601301425
-0.48248534030937007,0.10119782045240644,1.0,1.2964349726054496
0.755678722868391,-0.14148607450620654,1.0,1.5701226311454763
0.0830459020002956,-0.6844927755475656,-0.4224992855972254,1.725164677545012
-0.9698155502179984,0.5210332722755382,-0.7099784160851277,2.49491144679149
1.0,-1.0,0.5979897198069617,-6.195839417548568
0.4395228490918812,0.177687976849485,-0.7785845104081439,0.6577589620623194
0.1118708128223489,-1.0,-0.0035381824056290867,2.484406053870255
-0.8459795489391253,-0.8051790685453935,-1.0,1.1294171410635025
1.0,-1.0,-0.8284317043460445,-18.294446146668133
0.11704232264514425,-0.5618594506984997,-0.3306984053933082,1.6305560171610844
0.40901866849775814,-1.0,0.688583222285909,-1.203469973719454
-1.0,0.21840674021581186,-1.0,14.345293660835752
0.5355413922419903,-1.0,-0.022507988261385004,-0.4446532471649094
-1.0,-0.35323182095940364,0.3293955737230354,-2.3018329107225046
-0.22507554661344642,0.42611572492321326,0.0022580278215424965,-0.5805624320827774
0.8917275924900769,0.2036445002302696,0.3800938869684207,5.010257666721804
0.23793676799239538,0.5274221017483123,0.4438976026521859,0.4786312454913325
0.2540596404250475,-0.6903951763640559,-0.7979855916832692,-1.5293301346296484
0.48231249820920685,-0.6689350547548678,0.4695363983419756,0.6892496487909361
0.026951913858525245,1.0,0.896690826571072,10.35402319675747
-0.03232668291671481,-0.39641026725562667,1.0,-1.3013786708172053
0.29028002598138847,-0.7348344599635099,0.09804179847344008,1.7131783143067094
-0.6019266094129434,0.3209200687432858,1.0,3.4235829086107463
-1.0,1.0,-1.0,21.70249664744382
1.0,-0.8531766526580575,-1.0,-11.616929845719874
1.0,0.15380175769051707,-0.8721182257839792,9.53689513456783
1.0,0.990427641164283,-1.0,37.48920224346316
-0.7033036217329125,0.6554705776134393,-1.0,-0.062160729945998666
0.5683459700894613,-0.6269790411141651,0.5798298017646177,1.116908075710924
1.0,-0.437371209544118,-0.03142563752618166,3.7277049282983468
-0.6128753247424183,0.09283711028539443,0.6051915993691153,-0.552643274091877
0.04524702157771143,-0.4091096817309485,0.5567765730319547,0.7720489939618361
0.32568185835377106,-0.1193755778091854,-0.7576315589261491,1.2576949800667763
-1.0,-0.41068984167824696,-0.1547299571741365,-3.081808373308454
0.5894415305073422,-1.0,-1.0,-23.845014666365127
0.22708705738317891,0.8129317662033062,1.0,6.55824715980809
-0.10412491326998552,1.0,0.04619941532498317,7.377780582212905
0.717424138936174,-0.293023647576228,-0.45821269899937933,0.8027657228970574
-0.4118202511139233,-0.2831273172474287,0.9058800117497312,0.15405590750866652
-0.17146144552899423,1.0,-0.3222351317413217,8.355502170026405
0.4308457770036074,0.0363904230419938,-0.2244126971173135,1.2983838612757037
-0.23023477198425968,-0.2728721261849816,0.6379593357440625,0.2486646373100534
-0.980444947817509,0.7337848023130553,0.38171443279839656,-3.2797426245056784
-0.06959659709568111,-0.18303750174761468,0.04218801965049246,1.3637291230521793
-1.0,-1.0,1.0,22.227504522765074
-1.0,-1.0,-0.742851084596593,2.800709041093788
-0.975166430382588,-0.9354329663739562,0.2524836450203727,8.06560910534856
1.0,1.0,-0.6155820146185773,23.39338607155257
0.808248950695905,0.34496664403217947,0.909125199791218,6.215390916957172
0.5159699928458745,0.6952295691843584,0.17183854567512702,1.6803100676581144
1.0,0.8311019410737885,0.04943096544682368,10.456364484484014
0.019944317415383717,0.8180919850019841,0.795505365049789,4.418329153040898
-0.2980156768419262,-1.0,-0.39847405362715205,2.155675374544869
-0.5111041880073683,0.8134079909527521,0.4927965496250526,0.8276733483643501
-1.0,-1.0,0.932129598417053,21.107586843476085
0.7455442810163655,-0.1273121656180769,-1.0,-1.8571202390087902
0.2896523574438863,-0.9776712568361166,-1.0,-18.236702559286375
1.0,-0.6961986514972487,0.3947813723139342,2.608415656391753
0.6703360002838377,-1.0,0.20533427671275306,-2.1088736326255804
0.3920839676419332,0.46857598283303514,-0.5844973805418869,1.4767619887207495
0.21975608736894703,-0.10782568445342489,-0.3130983169333841,1.1692158598809057
0.1789511042130154,-1.0,-0.4063976304051371,0.2512301412002435
0.7811398768798643,-0.09353294710673254,-0.32658323086205887,2.0774083069316047
-0.3355459321537575,0.09513603055270048,0.931055190779311,0.8597607314227552
-1.0,0.7392082799617388,-0.5227029802549181,4.091941533841906
0.8913990667998744,-0.9034524862434434,0.672583226444718,-0.8144101110789691
1.0,0.2717099075786824,-0.029933596976514876,5.675918249793638
-0.93573287730689,-0.8148155737977512,0.6599385682157366,8.551341501635516
0.9026310399133035,0.05310067375383376,-0.016153337237543308,3.637021915977764
0.13159745559091673,0.8139457777611421,0.9917661988589714,7.579473041515965
1.0,-0.07954120491507988,-0.32426264873860955,4.467789310311621
-1.0,0.27027123868721303,-0.9394500851453556,10.649662734550805
-0.3037345541061365,-0.03533969835336803,0.33542956148473957,-0.8404546493793574
1.0,1.0,0.013412304564722755,13.837925478794505
-0.16226229806216685,-0.24693970366939233,0.45738416729705333,0.012034935632885713
0.7528300435214121,-0.3440576177826522,0.7155435799870609,1.5183941829345358
-0.20881913029502397,1.0,0.18725604645940996,7.210605055075311
-0.1782160566527482,-1.0,-0.33120187146026847,2.657677349171288
-0.3226306552772509,0.2281540362967911,1.0,1.8738762824361077
-0.14230818393666622,0.7194943885140272,0.364242725230858,0.8489549171750922
-0.3938742371978492,0.6513772929756954,-0.1290955866460488,-0.23760125265216603
-0.3363367606927776,-0.25081599656079456,-0.47038588955320937,0.4940052635376734
-1.0,0.8567068692748432,0.8261307020489617,1.7400527639204921
0.8797552211421162,-0.5854387344486411,1.0,0.23661511251328954
-1.0,0.02419884603028022,1.0,3.077829640110044
-0.5693245213892357,-0.15902802519329118,1.0,1.2272735829346288
-0.868197538828122,0.9484876656333081,-0.20148632570743596,3.062870644480249
0.7465767620355879,-0.9624853376774147,1.0,-5.9929711999481725
-0.45617861640254787,-0.2704864749019418,1.0,1.5006026987184895
-0.9164330377385135,-0.8234119067909551,1.0,12.718557593426894
-0.7548177232451114,-0.7588774900925894,1.0,4.079731336884297
1.0,1.0,-0.6414139516474657,23.77525548756271
-0.3279614302193692,-0.6583297771599679,0.33997017306090904,1.3500756257691382
0.23679717200020756,1.0,0.2737438605483977,7.262872118593856
0.7840186087341023,1.0,0.23868397891430893,7.537870993039587
0.08473166313912328,0.40731428335335607,0.09627631740010978,1.0500779816592607
-0.11090421376344861,0.6220365758611335,0.35041840279103953,0.45816147062864254
0.3016167902310589,0.847566037063092,0.45363618668018635,3.36591922814672
0.5315467900763304,-0.15442774249682056,0.7761415393537698,0.26349665468359484
-0.3943561463503493,0.8096182225296176,0.04997664273148561,0.780702040376563
0.14390204390953976,0.3144428673079842,-0.4576770781140931,0.9343496431249743
-0.12029120161404294,-1.0,-0.8565504759623406,-8.33440116250273
0.7367313813537897,0.6366677785361965,0.13676385749623154,2.4929927248104407
-0.39289483379565726,0.13399873509065796,-0.023435445709594882,-1.3546736585921022
-1.0,0.6130428292502434,0.387204915696185,-3.985869665331059
-0.024079837514915603,-0.878122325549554,-0.3730210544951882,1.6249896086098297
-0.4750686226241525,-0.8806580326955664,-0.24516656837358686,2.4663273508977315
0.8647016798092555,1.0,-0.27332717533855866,11.931782461300006
1.0,-0.43932349952030414,0.8075197136161507,6.1894999911184625
-0.08197356959845292,1.0,-0.3860389188712776,9.715973077561578
-0.4945444320034922,0.26406481445849694,-1.0,-1.5613148926257194
-0.950696956772215,-0.017079951113336378,0.8645978844564395,-0.9101651109304201
-0.668039235995308,-0.04705801296014056,-0.7150703637257616,0.6901192732194255
-0.15590413487364585,0.24809462547359717,-0.7460948545060122,-0.9362990381037269
-1.0,-0.6803670147720846,-1.0,4.637694505313694
-0.3220692633526545,0.9146721695536906,1.0,13.037519115267482
-0.4459756477760175,-0.05485696792947348,-0.1916102343951771,0.6462614963416801
-1.0,0.2341727394286497,0.12144155101012366,-5.845091548313436
0.3784445659217468,-0.6565804685248469,0.6294592433061326,0.7865705669526176
-0.511504218589554,1.0,0.05718586799777392,5.590198251569254
0.8914664390977096,1.0,1.0,18.665315864494055
0.14664977810296054,0.12316899164889206,-1.0,-2.981755949114391
1.0,0.9442846909813813,-0.059100874513450474,12.255758287861157
0.8668797879137842,0.029545567246583193,-0.13407047964920804,3.116492158700339
-0.8576976862119023,-0.8017479921671962,-1.0,1.2581800711059095
-0.6006432419460952,0.7587169564902392,-0.7045913832564243,-1.6855695773062174
-0.48322837846805333,-0.21631708471754219,0.17152655519088733,0.20739232413564782
-1.0,-0.966399560555024,-0.12492187641295538,6.768896763421874
0.20603159879381083,-1.0,-0.03294753048594279,2.268854761116181
0.25375501361082553,0.8487804375037349,-1.0,-1.949758984838361
-0.5241935452426643,1.0,-0.4807861363542798,5.854069651210234
0.4490659688002716,1.0,-0.42148800894310745,10.003381974717893
0.9320762030015817,-1.0,0.032889504540102976,-6.50719443237566
0.6271090343560537,1.0,0.5406335322971818,7.164654848431507
-1.0,-0.9544774710685353,0.11657721252167996,7.511094265472905
0.43411203491180816,1.0,-0.14287934296842963,8.638713293740945
-0.6499986099834707,0.19525222767211692,-0.3067613392766593,-1.4408418234987577
0.4412500116503759,0.47917731807203046,-0.3146281389442718,0.7192122018451725
-0.5323250415597154,-0.7092860274817259,-1.0,-3.6702163672034374
-0.2006013578236765,-0.2604157976924215,-0.10041534268907126,0.6727732871556719
-0.4706205387869722,-0.8218511202272765,1.0,-0.06075427357446878
-1.0,0.11405731538408515,-0.8998677564644746,7.321644022943138
0.5633686074928961,0.4060914341717825,-0.7919275639433465,0.3132043537102569
0.6095844619003181,0.3031554555312561,1.0,3.378862100767919
-0.6339950723760117,-0.4804860607992989,0.2463057583571091,0.3846696510533473
0.07399294788035404,1.0,0.7676720077329369,9.269835403092726
-0.34221075046350324,0.2555390800797581,-1.0,-2.8672589262032657
0.05319094806471325,-0.07453485769610446,-1.0,-2.8650971231949827
0.1625185428533158,0.690602659333964,0.6033060321683721,1.5068828933257186
0.5363637012141897,0.12464291191362165,-0.9804388189612767,-1.5409038791178662
0.05994001350541067,0.28409221348619673,-0.016234452346722383,0.8730101109515955
-0.3608863900675805,1.0,0.011068351869331083,6.37456356880632
0.03422965236237552,-0.8038090547745702,0.34714492391073226,0.679159835253752
0.546254589689176,0.823478869014544,0.3670913159125071,3.4551915047838855
1.0,1.0,-0.2284220923089435,16.65973196333629
1.0,-0.03216308635241805,-0.9334563602787689,8.396463091725618
-0.33392662708172405,-1.0,0.7407874995503232,0.2648804015567184
0.4382042787270206,-0.9285602661674921,0.8613999212342829,-2.8291946187620125
-0.046816585516577414,1.0,1.0,13.975526333316868
1.0,0.2673982284130907,-0.17447649456405356,4.693769810002892
-0.9687440692236655,-0.13678800637830868,0.6977627446258923,-0.9627138721268711
1.0,1.0,0.6876538481911925,15.848931315527032
-0.6349860307049071,-1.0,0.6958513910543651,3.846692370949849
-1.0,0.24202441520909312,-0.029256266128839803,-4.140218736844508
-0.119781009331132,1.0,0.6086260999639146,8.2618491395649
-0.7725918656326274,0.4337725264314982,1.0,3.042660862793377
-0.4638995505440815,-0.075371936365207,-1.0,-1.223398558067052
0.4005274447265279,0.9098688291082808,0.15339457093070052,4.89414514911786
0.6328779273266607,1.0,0.1006468855055993,6.765622000257985
-1.0,-0.3202777484962067,0.06711921504093299,-2.415896148431318
1.0,-1.0,-0.23633503506346631,-9.0092425425948
-1.0,0.9776890643540235,-1.0,20.774700483730143
0.5932112005900056,1.0,0.7398397302892861,8.572082846585364
0.8072783828788335,-0.19807367110571583,-0.8576094414641333,2.1201849017454064
1.0,0.24541421112246065,1.0,17.997321211791856
-0.600143035258778,1.0,-1.0,0.517836021975725
-0.09426383116802972,0.456106090757773,0.08772955908474067,-0.5277960622466356
-0.12277199733674204,-1.0,0.8331257524038382,-1.9593165918285966
-1.0,1.0,-0.9501661775094641,18.73467256693924
-0.8132156242376929,-0.4934881066377672,-1.0,3.5112076635219847
-0.2507223199788653,-0.0974787146845899,-0.6128699458294316,0.25260019493656827
0.9591605375957368,0.11615803416011383,0.860503314072621,9.280947629857868
0.07410957226229109,0.20333179676397495,0.0848611368876262,0.1601905222581923
-0.9838993621185284,0.037689174911353485,-0.4539268171345223,-1.9750772702082686
0.030651374108127794,-0.5625426192573415,-1.0,-6.483030529500137
-1.0,0.7409998967971656,0.19918938623280802,-2.0490930867744597
1.0,1.0,-0.18714251437547236,16.06540544212843
-1.0,1.0,-0.09528488010738156,9.015420483931567
-0.2936301249587805,1.0,0.21203755470583863,6.895625969031938
-0.31966889782254726,0.302456133667804,0.4683219006549819,-1.2225745587460934
1.0,-0.010312922327482266,-1.0,7.477036904018362
-0.8105815066164541,0.14015568508241194,0.16626749248946626,-3.5754251318710457
-0.45496665018334626,-0.21449613294154002,0.13494042579627696,-0.1292240229702254
-0.32916480468305465,-0.32182484803142564,-1.0,-3.003205022271724
0.4319988258427445,0.04028684846976294,-1.0,-3.2356115147828
0.25141659642215597,-1.0,0.7893434485812034,-2.0652865945648675
1.0,0.08089627928809362,1.0,13.349487464742033
1.0,0.12054572993723278,-0.9585149887508027,9.151779892255608
-0.7408534107999702,-0.07697558226084733,-0.5288711974715619,-1.0811807159917188
1.0,0.22542081830148386,1.0,17.27859252016151
0.15709942386063558,0.03026342189724307,0.6452671909460534,-0.04156051107488712
0.17019582727134996,0.6249413645119999,-0.3431933119035291,0.40976445852654875
1.0,1.0,0.1909549678759792,13.492487818442793
-0.13393437470117942,-0.049372637869577574,0.5532569310887219,-0.36288561294938243
1.0,-0.024466162751729748,-1.0,8.44287051075768
0.7790248453036872,-0.5627484292517482,-0.323184813291691,1.342621259727565
-0.270396262135153,-0.8352630337807383,-1.0,-9.480137884998465
0.6759990493391914,1.0,0.28515901015191925,6.718213392488017
-0.19344385672603215,-0.29583939131845716,-1.0,-3.2842812416360365
-0.8504159431201004,-0.9115515216560186,0.10529148694239265,5.343059106619302
0.35288137925700735,0.8079178527717539,-0.3428210923541841,2.464543811071704
-0.27497457886510257,-0.19197352508327303,-0.2376274306677404,1.311301166672322
-0.6206468658453748,0.4940886559998363,0.9731093014376033,3.0200293481372724
0.4624767124263709,-0.6304953600428522,0.8197040910640783,0.12823988736030023
-0.6722670415828416,0.6577106957740351,-0.2583534235048621,-1.2981929887513517
0.3596139173654229,-1.0,1.0,-7.098457919416045
1.0,-0.7622136674695172,-0.9611866051903122,-3.617525455245676
1.0,1.0,0.7355041956473436,16.248530459413676
-1.0,0.5830074471175861,-0.541560262585953,2.2097715343477216
0.8225729738557259,0.5663999513309499,-1.0,2.3619514582238477
-0.24570746448035496,0.4545800622199525,-0.0353736508131528,-0.46327193082596285
0.015574870927187012,-0.6976073210780198,-0.3874969167380735,1.6324968999045433
-0.12708534380085634,-0.7843656204806744,-1.0,-8.904667751783876
0.6730599474068155,-0.36362898099319674,0.4732934391734045,0.9483763189957365
-0.5858090096252058,-1.0,0.45718817867022876,4.287208898153999
1.0,0.12462035927788095,0.1320432106684506,6.580946062489446
0.03633928514383977,-0.7442737307995324,-0.0028391123310860245,1.4466544760603501
0.053577575198673566,0.4987166272913357,1.0,4.009729122870794
-0.5427740039328166,0.5566261138054847,-0.19735723455020704,-1.5582815948137017
0.10203912500715928,1.0,0.9170644056322168,10.502831967616586
1.0,0.3449529299659435,-1.0,10.47906173848674
-0.46625478490858896,0.10947151265054988,-0.1749977288998581,-0.4342991511429619
-0.04542971834236287,-0.30077436145836,0.07203971354902428,1.1738154972051136
-0.5011828190580003,-0.05056747278627172,1.0,1.6700360458844885
1.0,-0.8129548955860977,0.48478353265677065,0.6508255919061346
-0.38336327584563956,0.5246639640888298,1.0,4.661701236359083
1.0,-1.0,0.2581894476808373,-7.372825610972035
0.0070899954049299385,-1.0,-0.16946388223359565,2.317743922446743
1.0,-0.5112174271539385,-0.1673013528764522,2.9320392955034724
-0.4819427047874709,-1.0,-0.04659241803874403,4.466713843984508
0.9508650108505232,-0.9883216022841106,0.6093649569753459,-4.777501526948011
0.10673727022980595,1.0,0.5342578285983799,7.302187068826356
-1.0,0.3660616121687299,0.6766562557339073,-3.563982626185609
1.0,-0.3883816569097138,1.0,7.107404965161141
0.5080097653006137,-0.2578640023063792,1.0,-2.23219062302008
-1.0,-0.5530265690130489,-0.5491379482826093,-0.2898415881025711
-1.0,-0.6782835262989388,-0.171914097906809,0.788249271549589
-0.6001551148147777,0.8022370549388655,1.0,10.042807658304318
1.0,0.37174509034959624,-1.0,11.088313209884033
-0.04926782853568956,1.0,1.0,12.900498082270193
0.38963084543262694,-0.12862214394592408,0.5903878313188784,0.9733147423593523
1.0,-0.6141359560490103,0.4480716253671817,3.65934265838547
-0.7208179766185423,0.045993323574082146,0.25576563527035456,-0.9575955403938657
0.952182541929234,0.044639899753745826,1.0,11.374319565114279
-0.43475549300290806,0.12575839487351503,-0.9069348451348134,-0.08547601245077818
0.8556320642164483,0.44299565446169287,-0.10101476227167949,1.9427781194413203
-1.0,-1.0,-0.1281662197753226,6.924757273740048
-1.0,-0.9656711147676211,-0.45959538269444966,4.799113955609976
-1.0,0.4806468288488488,0.8288949714843254,-2.3512387751769026
0.20214104012282053,0.9310833818653748,-0.2356547773243387,5.928418422662587
1.0,-0.24465942640220617,-0.11783104994046845,5.079988688343338
0.643199299922989,-0.886354665280956,-0.11457751023654095,0.09862647312617995
-0.12123943659546055,-0.763395051681276,-1.0,-8.444810220828748
0.4015365355210314,-0.8323370760594737,-1.0,-12.131910894359489
0.3069935463873419,0.9934925564998762,0.43981201293101124,7.506392947041077
0.33858525286159935,0.10841371540299427,-1.0,-1.707114269848815
-0.3169390842079205,1.0,1.0,15.137244159079579
-1.0,1.0,-1.0,22.060651789763718
-1.0,1.0,-0.10388765592671212,9.501886399276135
1.0,-0.3441571949045876,-0.20617140113134758,3.56216758103293
-1.0,1.0,-0.32149384610471743,11.371708222610778
1.0,-0.42062544600094154,0.5682839287243489,5.1820811421527875
1.0,-0.39743738364314307,-0.360737279087616,3.9399245003145102
1.0,0.6337713489497971,-0.2488683703542498,6.81703469233428
-0.06774660832037105,0.8119942233884472,-0.22331103357576954,1.3789275468651043
-0.8182973654322421,0.15176284699296638,0.2201666136549545,-1.9727848200366105
0.24932451946544698,0.2566153984987105,1.0,1.1774935255282075
0.1048717243622197,-1.0,-1.0,-17.389105450129332
-0.4773818744793956,-0.7776655875218537,0.9743409411880104,0.18581327263245087
-0.8567862544925791,0.5962925921468145,0.6688079312818624,-2.7355948884746035
-1.0,1.0,0.16670975769058471,5.4033865678376305
0.5282119559953202,-0.7169035859306849,1.0,-3.953543849444212
0.43336244179641636,0.01278499530981092,-1.0,-2.842807420736201
-0.7173751432890139,0.4145036605502679,0.5397684915250089,-2.392136863396674
1.0,0.9223640495181662,0.0931784911396969,11.838767682291476
-1.0,0.8872938139891497,-0.6519148004983237,9.834790714432208
0.5050494397804446,-0.9637891056307955,0.8668985838307084,-3.1143926955699994
-1.0,-0.4315566318789612,-0.34897283254720723,-1.5674929803352902
1.0,-0.9420230864105761,-0.7044965228733475,-7.7615651998584045
-1.0,0.16781838044576713,-0.5533936666888504,-0.9200807603323982
1.0,-0.1252715923685832,-0.8628147539426738,7.496599917265234
-1.0,-1.0,1.0,22.112895713294176
-0.21512494140633875,1.0,-0.08816906104786204,7.453359484669712
1.0,0.9058158485750243,-0.8849931956335921,22.152427741513772
0.8600387455555036,1.0,-0.7991495231968622,18.806821112185098
1.0,0.08350337186528134,0.9958160111172054,13.485577079869756
1.0,0.24226078054490974,-0.765628460032586,7.2268806061355155
-0.8462574801858309,1.0,-0.33641414762536215,4.905274023905389
0.005266257191196555,0.6580368950064373,0.7833228874929876,1.8427834243549939
1.0,-0.9243408201158911,-0.316300463750558,-3.94426141337856
-0.2585213076506381,0.7566723013332934,-0.9084134455734134,-2.6375856082758453
0.2327532488643116,0.19405056207163462,0.9925859882928458,0.3316904887309669
1.0,-0.8533750290076254,-0.8761600231070621,-4.735633947473553
-0.3106532784466378,-0.4521618807245378,-0.3404957327126865,0.7295111487112738
0.36429478132243687,-0.42767813564338564,0.5409044644596219,0.9152687163007357
-0.08836167159537278,0.3693189740734,-1.0,-3.4228828399053577
0.6310455339125975,0.1906919444179116,0.4582669219239579,1.6690668673758522
-0.8578336339066486,0.046367434196564083,-0.23685841484623404,-2.217168604139933
-0.005661679520666318,-0.2875427896062299,-0.9831498502733653,-3.401687004578319
-0.4958070930755307,0.01941338855394581,0.09263438750475861,-1.4048452899017279
1.0,-1.0,-1.0,-29.88932510778058
-0.11012490467210223,-0.04981753047214843,-1.0,-2.4238622060297366
-0.5368491810857265,0.6137092090958256,-0.7900531981126249,-2.302428904130436
-1.0,-0.4745325029584335,-1.0,5.790654247929017
-1.0,1.0,-1.0,21.919019896104093
0.8384217761193158,-0.3575501097846021,-0.16904999223104578,1.4458904371535917
-0.029589258369236315,0.061249600130296455,-0.17075117694588138,0.11564288377004339
0.11432924724494109,0.9507292674144532,-0.17594654070146665,5.4132674363320925
-0.0679359530533592,1.0,1.0,14.011976519061003
0.38654001727671083,-0.8620528327369101,-1.0,-12.631292931438475
1.0,-0.9080363241232119,-1.0,-15.966299367676953
-1.0,0.5184085815253576,0.7732071747640885,-3.0307287803978404
0.17896994339827943,0.4459654887820761,0.22867125847176806,0.9498608831998078
-0.5863305347684598,-0.9152447602475404,0.36442322917084935,3.255845359462464
0.1783939000638104,-0.786221214243594,1.0,-3.3589397906906795
0.1881582181707393,-0.629731141178681,-0.7025186132354568,0.3236151947590251
0.3991144843230525,0.06552074922537776,-0.4841799923434529,1.545250140633924
0.3081541157303682,1.0,-0.7397656408181836,11.519956714242202
-0.53087962838795,-1.0,0.40207037330999107,3.8336379891455286
-0.8855864503871664,-0.06612061128252833,1.0,3.27024695719075
-0.5602822698387728,1.0,1.0,15.251165971480907
0.48395688268881876,-0.2593827269406366,-0.43287994626396986,1.4807933063550407
0.46141760404135646,0.266401149040689,0.39220510640717543,0.8793631480809532
-1.0,-0.0908586765750865,-1.0,9.65706580815819
-0.6327195378755743,0.13719986783441818,1.0,2.231116574270948
-0.12686127518358403,0.14214237291741894,0.08710088037862684,-0.33542946640687743
-0.040416808950707095,0.5309980153485878,-1.0,-3.4404301311920036
-0.45101375398691057,0.3801638244976566,0.025698509413255577,-1.1671386365337095
-0.4768524123263478,1.0,-0.5327484399918809,5.979120042374208
0.001220176020358954,-0.19412301967053147,-0.6299860168902576,0.2475136401995276
-0.07684637703352748,0.6556699728856457,-1.0,-4.223634257475279
-0.2660295855592447,-0.13505332030887596,-0.35672769587660347,0.7481283101873117
0.3750562257123835,1.0,-0.5271301335560652,11.331165332809071
-0.22473306210351596,0.1252450196293231,-0.18438483592309574,-0.4204011619486876
-0.20269001328603142,-0.7374264023397359,0.6787207227761831,0.31132138776351626
-0.584130891919628,0.4959435868258919,-1.0,-1.1557052457297685
1.0,-0.837492861267795,-0.6225583699605797,-0.0795101200416192
-1.0,0.00793187789489913,-0.1567499674644648,-4.008890695181053
0.6933747859025721,-0.8081601732210255,-0.1540556198402423,-0.01038152889120647
-0.054519984588909276,-0.9419786370048229,-0.7074991083753372,-1.8555508056962262
1.0,0.49270328932929885,-1.0,12.956438597970827
1.0,0.3779844287096117,1.0,20.044687903964082
-0.17700487013117527,0.5756910508274695,-0.6166815558520169,-0.38626639633346416
1.0,-1.0,0.8233410409820219,-5.953156985619226
0.8097301136904367,0.13146455638901067,1.0,5.933932605768769
-0.5399349591523066,0.3879966658271101,-1.0,-1.2413417634208805
1.0,-0.5176681439758686,-0.45959833924912297,4.928058582805937
-0.8764903700308389,0.018652605397860622,-0.03805759611460813,-2.527676691958098
0.47240561497867195,-0.2604392753141036,-0.05638244981103391,0.7842210547001989
0.17770847585605387,-1.0,-1.0,-18.988067132628203
-0.30227546879662337,0.439361847710918,-0.241534726246452,-0.030815311896357667
0.9041575727056352,-0.19141961810925867,0.09653757739376823,2.9145955630949056
0.12965158031469626,0.1006005426588894,0.6744722089577073,-0.48439982997157666
0.8746109211567357,-0.19761086801093297,1.0,4.209232428690065
0.3837393567251346,-0.5944580136771405,0.8777349585744245,-1.9505427735577268
0.32187455475802307,-1.0,-1.0,-19.986350104052782
1.0,-0.8211592593871075,1.0,-1.0969966007819254
-0.5360540425573597,1.0,0.17738977547995738,5.878809056906336
0.06485741860140748,-0.6824721649513323,0.0009395795174544919,1.59809458781623
-1.0,0.37225432653992385,-0.21501869113868377,-3.04194263414043
1.0,-0.8923703548376964,1.0,-3.8006228772808948
-0.9655636230248115,1.0,0.17481861564384626,4.53389903908424
0.2185855515162327,-0.12248695254977848,1.0,-0.5311383216799499
-0.16205428001361777,-0.1668664113071321,-0.13911928219942093,0.08460516532141404
0.8115458632325516,0.09950727851049646,-0.010285873688154146,3.5268327757744165
0.4715228987957776,1.0,-0.21561263773245032,9.137681373445808
0.3574601916081819,-1.0,-1.0,-20.1086117656232
1.0,-0.010997537507404509,-0.1446989613709,4.82922302117567
0.5401259871424171,0.005373422932708927,-0.2653047571302245,2.2692026267871213
-0.07818882906583302,0.5051254185731875,-0.11951976045916912,0.30340571066117994
-0.10509805080493129,-0.896113742319151,0.7844322833141988,-0.7257196898050634
-0.01576423197982102,0.7517579134349572,0.3843885199639656,1.3654974137952152
-0.623283927990101,0.504610307561052,-1.0,-1.4268120073244408
1.0,0.06388439218282649,1.0,13.012736361884038
-0.38447561673966213,-1.0,-0.56786023287499,-0.3442879193449546
-0.6343829321973711,1.0,0.7886026906078707,8.166961206275177
0.6551704567921388,-1.0,-0.810848015310452,-12.618095982598152
-0.13643009593551048,-0.9325642635110198,-0.12459101548278784,2.7491746470186302
0.4385420555223285,-0.2600358274614747,-1.0,-4.156006519543793
0.4378566880000425,-1.0,-0.6652173408546544,-5.278858002109136
0.37037791843853873,1.0,-0.4195634451208212,10.134946580772004
-1.0,0.16261373536614432,0.23198486178109579,-4.330301130095645
-0.11735447171284918,0.9407565282550265,-0.11446192177617331,4.908464379764388
-0.010456149737970044,-0.4168502633146618,-0.4755772214962697,1.0821416781539097
0.20689291888135108,1.0,0.15376824632644315,8.138018847477568
-0.5194177498420731,0.853595464321881,-0.21883225681878438,1.1447134039334723
1.0,-0.0712941852281046,-0.3521707733851094,4.4761467236833115
1.0,-1.0,1.0,-9.148343250808736
0.5596355206760184,-1.0,0.7926273622636799,-2.504437483157864
-0.3578198154174599,0.8837951087142137,0.445195124125767,2.7859672018664736
1.0,0.80348680399613,1.0,27.090296468976888
0.27093808021772436,-0.17692081523502057,-0.215853980650631,0.7206032461859845
-1.0,-1.0,-0.6806898250491213,4.014507169286082
-1.0,-0.25772314078667535,-0.19980303034147595,-2.928885924550045
0.35397286820158325,-0.7894088347333865,-0.655816484564802,-0.6876492845175795
-0.07156347153429965,0.6964219996325269,-1.0,-4.156513530939299
0.3442571253828075,-0.5676609743950418,-0.5253298775327759,1.4334011407864604
0.7666225838337153,1.0,0.8113659340981216,10.883147287394673
-0.03390238415111413,0.4009644119189748,-0.14182175042861034,1.2235635645986478
-0.7038656307141777,1.0,0.23939269522999274,3.2585464032886806
-0.33706218682290334,-0.5707633555470129,-0.33961354415715816,1.894580628257685
-0.5962277562046865,-1.0,0.5216702203818833,3.6020437358163266
-0.14385762054950435,-0.7010621887853921,0.3047743183432168,1.228977190727154
0.7524259517269227,-0.8444036970229476,-0.3376332564230182,-0.0812204994649994
0.04562995819139526,0.8849226199592595,-1.0,-1.2931825579662184
0.6899033271927695,-1.0,1.0,-6.441569669363185
0.5697183648127906,0.21562919090739507,-0.9784717659541298,-1.4197680887524193
-0.8670228668114972,0.6186087870256747,0.11697090104919416,-3.4954781757854763
0.002253575548366804,-0.2867047902429878,0.18685856113306154,0.3955173098098617
-0.3740820813536674,1.0,0.21795658822201336,6.397206272141725
0.5633051854882163,0.5122830149689486,-0.7698947275905412,0.9869369821494557
-0.9876092478474126,-1.0,0.037235913480436755,7.471300022090906
0.4795471507361111,-0.9167164162044812,0.27832247818861244,0.9478469726833435
0.3906727887526944,-0.2885846085745183,1.0,-1.8737703823560399
0.6327228672899956,-0.41106237049154304,-0.6443635633056699,1.5535741796100484
-1.0,-0.1495915366594085,-0.45024224818054437,-3.2313042471894278
0.005424534278456239,-1.0,1.0,-6.832055795985132
-1.0,0.43239271413599023,0.1957794922724152,-4.257089673254411
1.0,-0.02034519533198842,1.0,12.068995803829644
0.1972342526257691,-1.0,0.00454238025987852,1.3259084248259185
-0.23224908135695221,1.0,-0.3344541970882271,8.295933229044014
-0.13172544488367355,1.0,0.8849326895039225,11.726821630352475
-0.608625512766289,0.03234721134511265,-0.7691699450516942,1.044206674028548
-1.0,1.0,0.2298658064591459,5.400989740802821
0.05830603850334737,-0.014747712189507434,0.7194269511808946,0.2498126397758288
1.0,-0.4266349082012102,-0.42639150809674287,4.039949745219899
-0.41372809087977336,-1.0,-1.0,-13.364809562655516
-0.7865560081992293,-0.49282644402856013,-1.0,2.7413368285460735
-1.0,-0.0277524385677701,-0.6816007774007247,-0.26820898482885724
1.0,-0.24379981387071825,-0.5504777239273184,4.821842467724042
0.20712458734841155,0.12368954057107895,0.05122512539175861,0.7780990915561083
0.9663703865127768,0.9328569348108522,0.8834255738825476,19.18886797685736
-0.045286824643977264,0.8705092802064311,-1.0,-3.1350303814904033
-0.3953212310653549,-0.3613598241453695,0.2276386837154678,0.1211886790805276
0.7417524965166533,-0.12440114030988036,-0.20342592820004257,1.9393668484641848
0.37037952930740103,-0.9728256365296593,-0.15348355855039153,1.203094481980314
0.5793308743002363,1.0,-1.0,8.70393893904317
0.09378229258875304,0.20979071188533105,-0.213912966524332,0.2380977021213001
0.2172930006104612,0.8054886915358677,-0.938359903556039,-0.8369604585342785
-0.24836258098542618,0.7519583748971372,0.7303659198538195,2.3744983167909726
-0.8980858261167901,-0.27884487842721195,0.8223180434967652,0.5317852145418562
-0.2520474127911736,1.0,-0.7210483121743423,7.167218451680575
-1.0,-1.0,0.8115500535846631,16.93402483783885
-1.0,-0.21836714091053855,1.0,4.97869513256944
-0.3158437039783628,1.0,1.0,15.427239131326996
0.21108461380035815,0.5996709285139397,-0.8342185371843498,-0.3248822579105725
-0.4983945210590419,-1.0,-0.4012557317349219,2.3642598239023997
-1.0,0.48197188489314935,0.2389943544351414,-3.7892209234631458
1.0,1.0,1.0,25.51803363135008
0.36124270888521237,-0.14342512916197725,-0.8634996255565068,-0.3284106678765701
-1.0,0.47857097322306075,1.0,4.781980525063216
-0.03133200558456761,-0.4657030840776528,0.8360854838804648,-0.19437317169892576
0.31590339267546663,-0.8070990753392286,0.7362293936209039,-0.48402670431289835
0.3862932649730946,0.5969341382136224,0.7100234638177811,1.6656073714355046
0.6106535899665675,-0.5562117393847446,-0.016790989556720648,0.49815575012080693
-1.0,-0.3814994076587441,-0.46040949033669554,-1.9804692580062762
-0.9693573715030641,-0.2733272425381619,0.12882052127633536,-1.8233678504801285
-1.0,-1.0,0.07238280271010278,6.822477896406015
0.1295172144178638,-1.0,-0.793695596766302,-8.165314445382013
-0.51507590119013,-0.3270870791711402,-0.21386763712224166,0.6330223100576754
0.9036677463411398,-1.0,-0.8160349024187612,-17.42270036362742
-0.8863714752335083,-0.8533272362145248,1.0,11.523956580730763
-0.1498445317168866,1.0,-0.2815493961493716,8.737399631341503
0.2537396874567728,-0.4388772478811005,-0.8770828846717864,-1.9744944110730371
-0.9976787892067072,-1.0,-0.09878594783030081,6.734244870892715
0.4143127629698917,-1.0,1.0,-6.9282230501616455
-0.20436684527382898,-0.08231874132253969,1.0,0.6228929794702808
-0.9735070071175989,0.727499511685221,-1.0,16.156031993936466
-0.5692151202738018,-1.0,1.0,-2.1255860229633736
0.8454842951761992,1.0,-0.3050146203358479,11.201356438228968
-0.8977266823660912,0.38697927215915273,0.022638637400058004,-3.4054945999386255
-1.0,-1.0,0.3651536229983401,10.661986465494941
-0.9661851398092409,-0.25683729733518845,-0.7605683727455095,1.1452732155861063
-0.9760501585636172,-0.7232052451471427,-1.0,4.488686161292681
0.14696959367477036,-0.2772164708405507,-1.0,-4.181075654867198
-0.14105163201768978,-0.881553521461131,1.0,-2.99850284751594
0.006786200712433743,0.04157767631659648,0.006574868734298134,0.5943440466761436
0.05747747403791581,-0.7942081123857305,-1.0,-10.463726649700714
-0.9233440080211806,-0.35049356526368824,-0.9796152342968916,5.445948637680892
-0.47475945256184815,0.6015207162860026,-1.0,-2.6741936942621902
-1.0,1.0,0.23794315744135752,4.7352142712171235
0.01897691687778824,-1.0,0.14830619420060076,1.2727010937589385
-0.4538878522970151,1.0,-1.0,1.418613360948944
-0.48303376799839204,0.3140123614257748,0.49635214181710774,-1.484891601755914
-1.0,0.7165374491212342,-1.0,19.818389842226075
0.7424284561627201,1.0,-1.0,13.030383586913612
-0.1561770151947166,-1.0,0.8322951504156184,-2.45277137393663
0.9091350361064086,0.008441625600020153,-0.2652741758520831,2.5633606693245214
-0.6863729352093608,0.4015740914032324,0.14290040928802505,-2.1903600374470646
-0.21812520141470215,1.0,-0.8107070737284623,7.020270724902331
0.6786363433347409,0.09898694729151014,0.46769737500577824,2.181465323656502
0.4621740857049468,0.40198685381076604,1.0,2.6947087659548723
0.1736105758465063,-0.3389981123048622,1.0,-1.333004183584283
1.0,-0.03541731521231162,0.5005535632769476,5.885642553682116
-1.0,0.011177640718750492,-1.0,10.741080303325802
1.0,0.9656739663036109,-0.7198160913574885,22.425475842354153
1.0,-0.8657439866057139,-0.09506916995864367,-0.743825403417028
-0.8780977612235545,-1.0,-0.3830806010921366,5.850635449299665
0.4847952614724673,1.0,-0.981103466599232,8.59179326428332
1.0,0.7454217366781795,0.9373827827521657,21.911279279531737
0.3905537551384073,-0.530023303522489,0.18230249575522373,0.3600892440458162
0.6400601821057619,-0.06310141971565675,0.2467159879323444,1.0514706140051007
-0.780174749367373,-0.23401540561978984,-0.6932392915888828,0.5495880615226395
0.029786820818103132,-0.6511893526035704,0.686698306244484,-0.37476752952905956
-0.2213563472683151,0.6556493892579642,0.2634876438742988,1.089519028364338
0.005395585430201022,-0.957482139229966,-0.3500319722754113,1.3827884580213596
0.438449767597042,-0.6497212486965027,1.0,-3.1305093282801866
0.3772726298941538,-0.77049726871471,0.6844361727857118,-0.3453286145198655
0.7772074203112054,-0.9437247291206441,0.7175780385002701,-2.465133277337492
0.44942143744844887,-1.0,1.0,-7.154740771650445
1.0,1.0,-0.6994405284990584,27.024359003552547
-0.10112294777672526,-0.17694285671635535,-1.0,-3.4779683507352095
-0.7135983899889253,0.016563853295002318,0.7796675208206281,-0.19826933033484728
0.31844968177085065,0.5437618587533999,-0.01347368049739095,1.2583577149051195
-0.6024958978126667,-0.20182910960504308,1.0,2.0856736859356357
0.4513051676758255,-0.5127471379701014,-0.7140728285114284,-0.9102386386711075
-0.1704365081421615,0.6587963958096235,-0.014415729545038003,-0.13439344661595076
1.0,1.0,-0.10150674275999672,14.770648859736973
0.6445967341336731,0.40796792103946955,-1.0,-1.387314422182362
0.17445250904383736,-0.68909129408777,1.0,-3.2107645946674004
-0.06846679162760716,0.6941192243729801,-0.14292484806730732,0.42969111281666394
0.6143975511797215,-0.6427823555445404,-1.0,-7.902328379491007
0.5619994997050388,0.8028438385881167,-0.11694483243789167,2.8304379210146946
0.3685191651634505,-0.32349916869476214,0.8204564968348671,0.026166797979231826
-1.0,0.9021306239581948,0.9564982310227204,10.162294987512396
1.0,1.0,1.0,25.621462653154417
0.9330598922629929,0.5519286525454667,-0.9764877653922353,7.997065950718999
-0.5910852924595278,0.8379553532189643,1.0,10.162416261047515
0.7434789161894073,-0.08887484782659039,0.21379084019470107,2.2966094624837554
0.4183272491396415,0.8853847236769425,-0.8261419271177834,4.1726877017556285
-0.7256849093084805,0.4842300109173172,0.22620862924521123,-2.103651439422124
1.0,-0.5425863280582008,-1.0,1.2199387534501052
0.26479455777547267,1.0,-0.15727229206641358,8.67265510511065
-0.49373583206792193,-0.7795737075880447,1.0,-0.42902523014044947
-0.1833142768670104,0.018604833830912382,-0.16623708260588144,1.0642315194897014
0.41631986399690746,0.7327637373659102,-0.7408474470307096,1.4347086544286574
0.26044132220001215,-0.41765223267510576,-0.9076231097519405,-2.012554888943816
1.0,-0.9090706153902057,-0.16952187533639096,-2.9540564832001324
0.7704695708237732,-0.8074651129673436,-0.02116478267856814,0.5285812647996497
0.4703873970826711,-0.7458603687262204,-0.1965816956303441,1.586737137220839
0.8681236431970352,1.0,-0.06335166020623362,10.571409093177884
1.0,-1.0,1.0,-9.136578918801122
0.7204410928977507,0.7714723986331369,-0.3933804237106686,2.805605985003937
-1.0,0.5691649623305481,-1.0,19.19202045315039
0.6389246726717819,-0.7724440117463292,0.4979465398137528,0.5326385653220195
-0.7212840606069821,-0.16054860282224426,0.41309916706408845,-0.862879192398194
-0.5694683315716562,0.775136346559286,1.0,8.895924422976876
-0.2615319627292447,1.0,-0.7411920654790312,7.334500410661167
0.5417450322919359,-0.0882324354072328,1.0,-0.8480919890188842
1.0,-0.5466325342569667,-0.011336506222177967,3.0147961229162346
0.10614592724456684,0.9316719001190601,-1.0,0.24749264229771217
-0.3882179740511884,-0.03116178592092944,-1.0,-1.906902251875953
1.0,-0.2705783855647448,-1.0,6.539510332177535
-0.36118311393978586,-0.11975733955406032,-0.05833683027157632,0.0767269514502749
0.619222985501507,0.5457596032556571,0.056938578601964496,1.8339861317724022
-1.0,0.04873868308067175,0.8568486906199526,-0.5851390302512165
0.16609825631546782,0.9022795920936246,0.25332762846528234,4.705612336997088
-0.35413675239915055,-0.6668819788220204,0.4438985023502746,0.7295127494327843
0.18632732703128063,-0.417301373065444,1.0,-1.6633044053891715
-0.07868144444743685,0.2780556106838534,0.8625027171853925,0.1350834710064589
-0.536221919965971,0.3700613446384988,0.7412821701005139,-1.0039867557519044
-0.4729444975457262,1.0,0.20050684860912882,5.84842225356679
0.7380916404197373,-0.17794936760364943,-1.0,-1.4574374792911535
-1.0,1.0,0.8644157565248658,5.242954144456234
0.07758559889228911,1.0,0.1047209198902197,7.895736201055881
-0.5602643814235793,0.7456049527303492,-0.6388433719592295,-1.0106497861122596
-0.003218998864178424,1.0,0.10589418620573121,7.910899050629798
0.2495262255651538,-1.0,-0.3705638747276683,0.8947268158054598
-0.503332922737588,-1.0,-0.4621979485778025,1.3397304869762763
0.3805816359181773,0.4990119580695209,0.7282944589916442,1.6894052769960155
-1.0,0.6859414736344687,-0.3659142693058919,2.5276261508944073
0.12815046533168473,-1.0,1.0,-7.454389990236354
0.5125189415819889,-0.4281888093615036,0.09799820906506129,1.1600119298478593
0.9184837747718322,0.11305928313156421,-0.4188141055268033,3.358197608256092
-1.0,-0.5502218541786696,-1.0,5.687272479047643
0.37598763808287883,-0.4668552866125324,-0.2759465955750813,1.2527124544043184
-0.6089486909071569,1.0,1.0,16.090289646746996
1.0,0.015112723531399919,0.06204738099637175,5.0065708859404605
0.8346301466402932,-0.019910688621344708,0.761619779803298,4.040968412198401
-0.9952885742497382,-0.9007751389548466,0.11962158822999647,7.656698555363609
1.0,-0.09301637975053856,0.8063612516894794,8.467112068906856
0.3187606336339077,-1.0,-0.30344336540487027,0.4430734501671662
0.4909874498528699,0.26764368347962275,-0.2981886691118649,1.1545193247928338
-0.6318125007416373,0.2935989793379168,0.48506724529351875,-1.731738764468575
-0.14721950599122313,-0.10444394955856962,0.19997553200973162,0.44917980109261435
0.030645268177515783,-0.1732645892211453,0.7606817079995267,-0.4116023194567666
-0.19362704034480482,0.09318074400110743,0.06695624499118846,-0.1962821136540111
-1.0,1.0,-0.4204429162144343,11.689467175528357
-0.7344577155384657,0.29462716578433357,-0.23358772398682293,-1.9855302572997457
-0.08574137249809999,0.7686418121548122,-0.5209857884596834,1.5004680915125834
0.43957093722062,0.48834016109236367,-1.0,-2.995286637197501
-0.5501343260129663,0.0723167050298914,0.3281494434757113,-0.4075936082254441
0.4792523968319944,-0.6173076275429339,1.0,-3.417203172692382
0.20906226509120507,-0.24178748547627626,-1.0,-4.491989938159693
0.08924227651336447,-1.0,0.9422919856064098,-5.75827426691762
-0.7110804638295769,0.7965045021413804,0.6268121777671851,0.10475715610570663
-1.0,0.30579996017179534,-0.7186629534725377,2.5832432151376308
-1.0,-0.4441921335625112,0.30588288330436586,-1.5155144802609468
-0.5627526091277817,-1.0,0.8896306438584558,0.6906584747135487
